[
{
    "model": "store.image",
    "pk": 1,
    "fields": {
        "image": "redmi_note_8.jpeg",
        "product": 5
    }
},
{
    "model": "store.image",
    "pk": 2,
    "fields": {
        "image": "redmi_note_8__2.jpeg",
        "product": 5
    }
},
{
    "model": "store.image",
    "pk": 3,
    "fields": {
        "image": "redmi_note_8__3.jpeg",
        "product": 5
    }
},
{
    "model": "store.image",
    "pk": 4,
    "fields": {
        "image": "m6-vape.jpeg",
        "product": 7
    }
},
{
    "model": "store.image",
    "pk": 5,
    "fields": {
        "image": "m6-vape-pink.jpeg",
        "product": 7
    }
},
{
    "model": "store.image",
    "pk": 6,
    "fields": {
        "image": "HBoss.jpeg",
        "product": 4
    }
},
{
    "model": "store.image",
    "pk": 7,
    "fields": {
        "image": "whiteHBoss.jpeg",
        "product": 4
    }
},
{
    "model": "store.image",
    "pk": 8,
    "fields": {
        "image": "adidas.jpeg",
        "product": 3
    }
},
{
    "model": "store.image",
    "pk": 9,
    "fields": {
        "image": "dark-blue-adidas.jpeg",
        "product": 3
    }
},
{
    "model": "store.product",
    "pk": 1,
    "fields": {
        "name": "Navy Blue Nike Hoodie",
        "description": "some short description",
        "price": 99.99,
        "shipping_cost": 10.99,
        "thumbnail": "nike_YfFtLaB.jpeg"
    }
},
{
    "model": "store.product",
    "pk": 2,
    "fields": {
        "name": "Adidas black 3 stripes hat",
        "description": "this is some dumb description, basically there's no need for it, it's just biting me",
        "price": 55.73,
        "shipping_cost": 10.99,
        "thumbnail": "hat.jpeg"
    }
},
{
    "model": "store.product",
    "pk": 3,
    "fields": {
        "name": "Adidas black T-shirt",
        "description": "adidas dead simple trefoil T-shirt, again, what's the point of this description, you just wanna make long  but you have 0 ideas, dumbass",
        "price": 45.55,
        "shipping_cost": 10.89,
        "thumbnail": "adidas.jpg"
    }
},
{
    "model": "store.product",
    "pk": 4,
    "fields": {
        "name": "Hugo Boss black button-up shirt",
        "description": "Hugo Boss black button-up shirt for those who get it, it's like we're selling it on the 'street'",
        "price": 75.5,
        "shipping_cost": 23.99,
        "thumbnail": "hugo_boss.jpg"
    }
},
{
    "model": "store.product",
    "pk": 5,
    "fields": {
        "name": "Redmi note 8 4GB/64GB 48MP Camera 13MP Fron Camera",
        "description": "This is the phone I'll probably end up buying because it has a great camera, great RAM, great storage capacity, and A GREAT LOOK !!!",
        "price": 158.55,
        "shipping_cost": 20.0,
        "thumbnail": "redmi.jpeg"
    }
},
{
    "model": "store.product",
    "pk": 7,
    "fields": {
        "name": "M6 Diamond vape",
        "description": "this the vape of your dream, you vape and you'll go straight into another world, the one where you wanna be right now ... wake up bitch there's no such thing, get this shit, fuck your lungs, and die young !",
        "price": 43.22,
        "shipping_cost": 10.0,
        "thumbnail": "vape_iw2HE7w.jpg"
    }
},
{
    "model": "store.cart",
    "pk": 3,
    "fields": {
        "order": 9,
        "products": [
            1
        ]
    }
},
{
    "model": "store.cart",
    "pk": 4,
    "fields": {
        "order": 10,
        "products": [
            1
        ]
    }
},
{
    "model": "store.cart",
    "pk": 5,
    "fields": {
        "order": 11,
        "products": [
            1
        ]
    }
},
{
    "model": "store.cart",
    "pk": 6,
    "fields": {
        "order": null,
        "products": [
            1
        ]
    }
},
{
    "model": "store.cart",
    "pk": 7,
    "fields": {
        "order": null,
        "products": [
            1
        ]
    }
},
{
    "model": "store.cart",
    "pk": 8,
    "fields": {
        "order": null,
        "products": []
    }
},
{
    "model": "store.cart",
    "pk": 9,
    "fields": {
        "order": null,
        "products": [
            4,
            3
        ]
    }
},
{
    "model": "store.cart",
    "pk": 10,
    "fields": {
        "order": null,
        "products": [
            4,
            3
        ]
    }
},
{
    "model": "store.cart",
    "pk": 11,
    "fields": {
        "order": null,
        "products": [
            1,
            2
        ]
    }
},
{
    "model": "store.cart",
    "pk": 12,
    "fields": {
        "order": null,
        "products": [
            2,
            4
        ]
    }
},
{
    "model": "store.cart",
    "pk": 13,
    "fields": {
        "order": null,
        "products": [
            2
        ]
    }
},
{
    "model": "store.cart",
    "pk": 14,
    "fields": {
        "order": null,
        "products": [
            2,
            4
        ]
    }
},
{
    "model": "store.cart",
    "pk": 15,
    "fields": {
        "order": null,
        "products": [
            1,
            2
        ]
    }
},
{
    "model": "store.cart",
    "pk": 16,
    "fields": {
        "order": null,
        "products": [
            1,
            2
        ]
    }
},
{
    "model": "store.cart",
    "pk": 17,
    "fields": {
        "order": null,
        "products": [
            1,
            2,
            4,
            3
        ]
    }
},
{
    "model": "store.cart",
    "pk": 18,
    "fields": {
        "order": null,
        "products": [
            1,
            2
        ]
    }
},
{
    "model": "store.cart",
    "pk": 19,
    "fields": {
        "order": 21,
        "products": [
            4,
            3
        ]
    }
},
{
    "model": "store.cart",
    "pk": 20,
    "fields": {
        "order": 28,
        "products": [
            1,
            2
        ]
    }
},
{
    "model": "store.cart",
    "pk": 21,
    "fields": {
        "order": 29,
        "products": [
            4
        ]
    }
},
{
    "model": "store.cart",
    "pk": 22,
    "fields": {
        "order": 30,
        "products": [
            2,
            3
        ]
    }
},
{
    "model": "store.cart",
    "pk": 23,
    "fields": {
        "order": 31,
        "products": [
            4,
            3
        ]
    }
},
{
    "model": "store.cart",
    "pk": 24,
    "fields": {
        "order": 32,
        "products": [
            1,
            2
        ]
    }
},
{
    "model": "store.cart",
    "pk": 25,
    "fields": {
        "order": 33,
        "products": [
            1,
            2
        ]
    }
},
{
    "model": "store.cart",
    "pk": 26,
    "fields": {
        "order": 34,
        "products": [
            1,
            2,
            3
        ]
    }
},
{
    "model": "store.cart",
    "pk": 27,
    "fields": {
        "order": 36,
        "products": [
            2,
            1
        ]
    }
},
{
    "model": "store.cart",
    "pk": 28,
    "fields": {
        "order": 37,
        "products": [
            2,
            1
        ]
    }
},
{
    "model": "store.cart",
    "pk": 29,
    "fields": {
        "order": 41,
        "products": [
            1,
            2
        ]
    }
},
{
    "model": "store.cart",
    "pk": 30,
    "fields": {
        "order": 42,
        "products": [
            3
        ]
    }
},
{
    "model": "store.cart",
    "pk": 31,
    "fields": {
        "order": 43,
        "products": [
            4
        ]
    }
},
{
    "model": "store.cart",
    "pk": 32,
    "fields": {
        "order": 45,
        "products": [
            2
        ]
    }
},
{
    "model": "store.cart",
    "pk": 33,
    "fields": {
        "order": null,
        "products": [
            2
        ]
    }
},
{
    "model": "store.cart",
    "pk": 34,
    "fields": {
        "order": null,
        "products": [
            2
        ]
    }
},
{
    "model": "store.cart",
    "pk": 35,
    "fields": {
        "order": null,
        "products": [
            1,
            3
        ]
    }
},
{
    "model": "store.cart",
    "pk": 36,
    "fields": {
        "order": 49,
        "products": [
            1,
            4
        ]
    }
},
{
    "model": "store.cart",
    "pk": 37,
    "fields": {
        "order": null,
        "products": [
            3,
            2
        ]
    }
},
{
    "model": "store.cart",
    "pk": 38,
    "fields": {
        "order": null,
        "products": [
            1,
            2,
            3,
            4
        ]
    }
},
{
    "model": "store.cart",
    "pk": 39,
    "fields": {
        "order": null,
        "products": [
            2,
            3
        ]
    }
},
{
    "model": "store.cart",
    "pk": 40,
    "fields": {
        "order": 53,
        "products": [
            1,
            2,
            3,
            4
        ]
    }
},
{
    "model": "store.cart",
    "pk": 41,
    "fields": {
        "order": null,
        "products": [
            3
        ]
    }
},
{
    "model": "store.cart",
    "pk": 42,
    "fields": {
        "order": null,
        "products": [
            4
        ]
    }
},
{
    "model": "store.cart",
    "pk": 43,
    "fields": {
        "order": null,
        "products": [
            1,
            5
        ]
    }
},
{
    "model": "store.cart",
    "pk": 44,
    "fields": {
        "order": null,
        "products": [
            2,
            3,
            5
        ]
    }
},
{
    "model": "store.cart",
    "pk": 45,
    "fields": {
        "order": null,
        "products": [
            2,
            1
        ]
    }
},
{
    "model": "store.cart",
    "pk": 46,
    "fields": {
        "order": 59,
        "products": [
            2,
            1
        ]
    }
},
{
    "model": "store.cart",
    "pk": 47,
    "fields": {
        "order": null,
        "products": [
            4,
            3
        ]
    }
},
{
    "model": "store.cart",
    "pk": 48,
    "fields": {
        "order": null,
        "products": []
    }
},
{
    "model": "store.cart",
    "pk": 49,
    "fields": {
        "order": null,
        "products": [
            2,
            5
        ]
    }
},
{
    "model": "store.cart",
    "pk": 50,
    "fields": {
        "order": null,
        "products": [
            2
        ]
    }
},
{
    "model": "store.cart",
    "pk": 51,
    "fields": {
        "order": 64,
        "products": [
            2
        ]
    }
},
{
    "model": "store.cart",
    "pk": 52,
    "fields": {
        "order": 65,
        "products": [
            2,
            5
        ]
    }
},
{
    "model": "store.cart",
    "pk": 53,
    "fields": {
        "order": 66,
        "products": [
            2,
            1,
            5
        ]
    }
},
{
    "model": "store.cart",
    "pk": 54,
    "fields": {
        "order": null,
        "products": []
    }
},
{
    "model": "store.cart",
    "pk": 55,
    "fields": {
        "order": null,
        "products": [
            2
        ]
    }
},
{
    "model": "store.cart",
    "pk": 56,
    "fields": {
        "order": 67,
        "products": [
            1,
            7
        ]
    }
},
{
    "model": "store.cart",
    "pk": 57,
    "fields": {
        "order": null,
        "products": []
    }
},
{
    "model": "store.cart",
    "pk": 58,
    "fields": {
        "order": null,
        "products": []
    }
},
{
    "model": "store.cart",
    "pk": 59,
    "fields": {
        "order": null,
        "products": []
    }
},
{
    "model": "store.cart",
    "pk": 60,
    "fields": {
        "order": null,
        "products": []
    }
},
{
    "model": "store.cart",
    "pk": 61,
    "fields": {
        "order": null,
        "products": []
    }
},
{
    "model": "store.shippingaddress",
    "pk": 1,
    "fields": {
        "address": "450 San Bernardino Ave",
        "city": "newport beach",
        "province": "California",
        "country": "US",
        "zipcode": 92651,
        "user": 1
    }
},
{
    "model": "store.shippingaddress",
    "pk": 5,
    "fields": {
        "address": "45 W 81st St",
        "city": "New York",
        "province": "New York",
        "country": "US",
        "zipcode": 10024,
        "user": 2
    }
},
{
    "model": "store.order",
    "pk": 9,
    "fields": {
        "order_id": "lhv564whtrs",
        "total": "119.98",
        "shipping_address": 1,
        "status": "Paid",
        "user": 1,
        "created": "2020-09-04T23:06:30.877Z"
    }
},
{
    "model": "store.order",
    "pk": 10,
    "fields": {
        "order_id": "lhv564whtr",
        "total": "110.98",
        "shipping_address": 1,
        "status": "Paid",
        "user": 1,
        "created": "2020-09-06T22:56:07.495Z"
    }
},
{
    "model": "store.order",
    "pk": 11,
    "fields": {
        "order_id": "lhv564htrs",
        "total": "110.98",
        "shipping_address": 1,
        "status": "Paid",
        "user": 1,
        "created": "2020-09-06T22:57:23.976Z"
    }
},
{
    "model": "store.order",
    "pk": 21,
    "fields": {
        "order_id": "CHOtpVL2",
        "total": "132.04",
        "shipping_address": 5,
        "status": "Paid",
        "user": 2,
        "created": "2020-11-03T23:12:41.680Z"
    }
},
{
    "model": "store.order",
    "pk": 22,
    "fields": {
        "order_id": "bfK9CnHp",
        "total": "10.99",
        "shipping_address": 5,
        "status": "Processing",
        "user": 2,
        "created": "2020-11-07T17:52:46.362Z"
    }
},
{
    "model": "store.order",
    "pk": 23,
    "fields": {
        "order_id": "7JjIXLb1",
        "total": "10.99",
        "shipping_address": 5,
        "status": "Processing",
        "user": 2,
        "created": "2020-11-07T17:53:18.334Z"
    }
},
{
    "model": "store.order",
    "pk": 24,
    "fields": {
        "order_id": "shPggWf4",
        "total": "10.99",
        "shipping_address": 5,
        "status": "Processing",
        "user": 2,
        "created": "2020-11-07T17:53:58.452Z"
    }
},
{
    "model": "store.order",
    "pk": 25,
    "fields": {
        "order_id": "SQ0Rc3W3",
        "total": "10.99",
        "shipping_address": 5,
        "status": "Processing",
        "user": 2,
        "created": "2020-11-07T17:55:53.282Z"
    }
},
{
    "model": "store.order",
    "pk": 26,
    "fields": {
        "order_id": "x8PWpxpg",
        "total": "10.99",
        "shipping_address": 5,
        "status": "Processing",
        "user": 2,
        "created": "2020-11-07T17:55:56.373Z"
    }
},
{
    "model": "store.order",
    "pk": 27,
    "fields": {
        "order_id": "U8iJnfhL",
        "total": "10.99",
        "shipping_address": 5,
        "status": "Processing",
        "user": 2,
        "created": "2020-11-07T17:56:01.215Z"
    }
},
{
    "model": "store.order",
    "pk": 28,
    "fields": {
        "order_id": "XXd4HpPk",
        "total": "166.71",
        "shipping_address": 5,
        "status": "Paid",
        "user": 2,
        "created": "2020-11-07T18:01:01.786Z"
    }
},
{
    "model": "store.order",
    "pk": 29,
    "fields": {
        "order_id": "j2YLd19F",
        "total": "86.49",
        "shipping_address": 5,
        "status": "Paid",
        "user": 2,
        "created": "2020-11-07T18:09:34.211Z"
    }
},
{
    "model": "store.order",
    "pk": 30,
    "fields": {
        "order_id": "t9HV7ONL",
        "total": "112.27",
        "shipping_address": 5,
        "status": "Paid",
        "user": 2,
        "created": "2020-11-07T18:22:18.678Z"
    }
},
{
    "model": "store.order",
    "pk": 31,
    "fields": {
        "order_id": "wAAnFwAC",
        "total": "132.04",
        "shipping_address": 5,
        "status": "Paid",
        "user": 2,
        "created": "2020-11-08T22:51:40.083Z"
    }
},
{
    "model": "store.order",
    "pk": 32,
    "fields": {
        "order_id": "l5XwuKNm",
        "total": "166.71",
        "shipping_address": 5,
        "status": "Paid",
        "user": 2,
        "created": "2020-11-08T22:53:58.892Z"
    }
},
{
    "model": "store.order",
    "pk": 33,
    "fields": {
        "order_id": "uzhBo1iU",
        "total": "166.71",
        "shipping_address": 5,
        "status": "Paid",
        "user": 2,
        "created": "2020-11-08T22:55:00.029Z"
    }
},
{
    "model": "store.order",
    "pk": 34,
    "fields": {
        "order_id": "p6aR0MEC",
        "total": "212.26",
        "shipping_address": 5,
        "status": "Paid",
        "user": 2,
        "created": "2020-11-08T23:32:34.473Z"
    }
},
{
    "model": "store.order",
    "pk": 35,
    "fields": {
        "order_id": "FJHXrbZu",
        "total": "10.99",
        "shipping_address": 5,
        "status": "Processing",
        "user": 2,
        "created": "2020-11-08T23:44:55.341Z"
    }
},
{
    "model": "store.order",
    "pk": 36,
    "fields": {
        "order_id": "g5Emn1mJ",
        "total": "166.71",
        "shipping_address": 5,
        "status": "Paid",
        "user": 2,
        "created": "2020-11-09T22:43:14.186Z"
    }
},
{
    "model": "store.order",
    "pk": 37,
    "fields": {
        "order_id": "wxry3gko",
        "total": "166.71",
        "shipping_address": 5,
        "status": "Paid",
        "user": 2,
        "created": "2020-11-09T22:44:30.996Z"
    }
},
{
    "model": "store.order",
    "pk": 38,
    "fields": {
        "order_id": "sMqvlguX",
        "total": "10.99",
        "shipping_address": 5,
        "status": "Processing",
        "user": 2,
        "created": "2020-11-09T22:46:55.890Z"
    }
},
{
    "model": "store.order",
    "pk": 39,
    "fields": {
        "order_id": "1ytWj3e2",
        "total": "10.99",
        "shipping_address": 5,
        "status": "Processing",
        "user": 2,
        "created": "2020-11-09T22:50:27.919Z"
    }
},
{
    "model": "store.order",
    "pk": 40,
    "fields": {
        "order_id": "dWtjb3eG",
        "total": "10.99",
        "shipping_address": 5,
        "status": "Processing",
        "user": 2,
        "created": "2020-11-13T09:28:33.608Z"
    }
},
{
    "model": "store.order",
    "pk": 41,
    "fields": {
        "order_id": "eaH7xVcl",
        "total": "166.71",
        "shipping_address": 5,
        "status": "Paid",
        "user": 2,
        "created": "2020-11-13T10:06:22.932Z"
    }
},
{
    "model": "store.order",
    "pk": 42,
    "fields": {
        "order_id": "HVhDKT6I",
        "total": "56.54",
        "shipping_address": 5,
        "status": "Paid",
        "user": 2,
        "created": "2020-11-13T10:12:39.489Z"
    }
},
{
    "model": "store.order",
    "pk": 43,
    "fields": {
        "order_id": "YSmTUZXH",
        "total": "86.49",
        "shipping_address": 5,
        "status": "Paid",
        "user": 2,
        "created": "2020-11-13T10:14:52.276Z"
    }
},
{
    "model": "store.order",
    "pk": 44,
    "fields": {
        "order_id": "QLc1yjfr",
        "total": "10.99",
        "shipping_address": 5,
        "status": "Processing",
        "user": 2,
        "created": "2020-11-13T10:16:22.618Z"
    }
},
{
    "model": "store.order",
    "pk": 45,
    "fields": {
        "order_id": "LCGyuq2g",
        "total": "10.99",
        "shipping_address": 5,
        "status": "Processing",
        "user": 2,
        "created": "2020-11-13T10:23:21.144Z"
    }
},
{
    "model": "store.order",
    "pk": 49,
    "fields": {
        "order_id": "mVctiglA",
        "total": "186.48",
        "shipping_address": 1,
        "status": "Paid",
        "user": 1,
        "created": "2020-11-14T21:37:46.223Z"
    }
},
{
    "model": "store.order",
    "pk": 53,
    "fields": {
        "order_id": "Kg2MT4qn",
        "total": "287.76",
        "shipping_address": 1,
        "status": "Paid",
        "user": 1,
        "created": "2020-11-15T20:39:16.967Z"
    }
},
{
    "model": "store.order",
    "pk": 59,
    "fields": {
        "order_id": "jNVZoMIm",
        "total": "166.71",
        "shipping_address": 1,
        "status": "Paid",
        "user": 1,
        "created": "2020-12-17T16:26:39.553Z"
    }
},
{
    "model": "store.order",
    "pk": 64,
    "fields": {
        "order_id": "m46cbKh1",
        "total": "66.72",
        "shipping_address": 1,
        "status": "Paid",
        "user": 1,
        "created": "2020-12-27T14:28:09.597Z"
    }
},
{
    "model": "store.order",
    "pk": 65,
    "fields": {
        "order_id": "spL3knQx",
        "total": "225.27",
        "shipping_address": 1,
        "status": "Paid",
        "user": 1,
        "created": "2020-12-29T15:15:55.750Z"
    }
},
{
    "model": "store.order",
    "pk": 66,
    "fields": {
        "order_id": "v8yaoFVY",
        "total": "325.26",
        "shipping_address": 1,
        "status": "Paid",
        "user": 1,
        "created": "2020-12-29T17:38:49.443Z"
    }
},
{
    "model": "store.order",
    "pk": 67,
    "fields": {
        "order_id": "kDLAIAwY",
        "total": "154.20",
        "shipping_address": 1,
        "status": "Paid",
        "user": 1,
        "created": "2021-01-05T10:39:40.576Z"
    }
}
]
